[
	{
	"questionText":"Wouldn&apos;t it be nice if we could ASQ for your feedback?<br/>(Tick the right answer(s) and press done)",
	"questionType":"Multiple choice",
	"afterslide":"q1",
	"options":[
		{"optionText":"Yes!","correct":true},
		{"optionText":"Absolutely!","correct":true}]
	},
	{
	"questionText":"Well this is all for now. We hope you liked our project.",
	"questionType":"Multiple choice",
	"afterslide":"q2",
	"options":[
		{"optionText":"Yes, it was very interesting!","correct":true},
		{"optionText":"I wanted to say no, but I didn&apos;;t want to be rude so I chose this option...","correct":false},
		{"optionText":"No!","correct":false}]
	}
]
