[
	{
	"questionText":"Wouldn&apos;t it be nice to get your feedback?",
	"questionType":"Multiple choice",
	"afterslide":"q1",
	"options":[
		{"optionText":"Yes, absolutely.","correct":true},
		{"optionText":"Show me more!","correct":true}]
	},
	{
	"questionText":"Well this is all for now. We hope you liked it. Right?",
	"questionType":"Multiple choice",
	"afterslide":"q2",
	"options":[
		{"optionText":"Yes, it was very interesting!","correct":true},
		{"optionText":"Doesn't matter - The world ends in two days anyway.","correct":false},
		{"optionText":"No!","correct":false}]
	}
]
