[
{"questionText":"Who is our TA?","questionType":"Multiple choice","afterslide":"2","options":[{"optionText":"Mauro Pezze","correct":"no"},{"optionText":"Barack Obama","correct":"no"},{"optionText":"Vassilis Triglianos","correct":"yes"}]},{"questionText":"Where is USI?","questionType":"Multiple choice","afterslide":"3","options":[{"optionText":"in Lugano","correct":"yes"},{"optionText":"in Swiss","correct":"yes"},{"optionText":"in Geneva","correct":"no"},{"optionText":"in Munich","correct":"no"}]},
{"questionText":"What's the name our our project?","questionType":"Input text","afterslide":"4","options":[{"optionText":"ASQ","correct":"yes"}]}
]